frame,areas,diffs,plucked_areas,colored,areas (Î¼m^2)
4,443,,False,0,1.1978719999999998
5,451,8.0,False,0,1.219504
6,456,5.0,False,0,1.233024
7,450,6.0,False,0,1.2167999999999999
8,448,2.0,False,0,1.211392
10,465,17.0,False,0,1.2573599999999998
11,463,2.0,False,0,1.251952
12,472,9.0,False,0,1.2762879999999999
13,471,1.0,False,0,1.2735839999999998
14,468,3.0,False,0,1.265472
15,474,6.0,False,0,1.281696
16,474,0.0,False,0,1.281696
17,480,6.0,False,0,1.29792
18,478,2.0,False,0,1.2925119999999999
19,487,9.0,False,0,1.3168479999999998
20,491,4.0,False,0,1.327664
21,487,4.0,False,0,1.3168479999999998
22,484,3.0,False,0,1.308736
24,497,13.0,False,0,1.343888
25,499,2.0,False,0,1.3492959999999998
26,501,2.0,False,0,1.354704
27,502,1.0,False,0,1.357408
28,507,5.0,False,0,1.370928
29,513,6.0,False,0,1.387152
30,511,2.0,False,0,1.3817439999999999
31,518,7.0,False,0,1.400672
32,514,4.0,False,0,1.389856
33,523,9.0,False,0,1.414192
34,526,3.0,False,0,1.4223039999999998
35,536,10.0,False,0,1.449344
36,537,1.0,False,0,1.452048
37,540,3.0,False,0,1.46016
38,540,0.0,False,0,1.46016
39,543,3.0,False,0,1.4682719999999998
40,542,1.0,False,0,1.465568
41,550,8.0,False,0,1.4871999999999999
42,548,2.0,False,0,1.481792
43,552,4.0,False,0,1.492608
44,564,12.0,False,0,1.525056
45,571,7.0,False,0,1.5439839999999998
46,573,2.0,False,0,1.5493919999999999
47,572,1.0,False,0,1.5466879999999998
48,577,5.0,False,0,1.5602079999999998
49,580,3.0,False,0,1.56832
50,581,1.0,False,0,1.571024
51,588,7.0,False,0,1.5899519999999998
52,591,3.0,False,0,1.598064
53,596,5.0,False,0,1.611584
54,602,6.0,False,0,1.627808
55,605,3.0,False,0,1.6359199999999998
56,609,4.0,False,0,1.646736
57,612,3.0,False,0,1.6548479999999999
58,612,0.0,False,0,1.6548479999999999
59,622,10.0,False,0,1.6818879999999998
60,618,4.0,False,0,1.671072
61,625,7.0,False,0,1.69
62,630,5.0,False,0,1.70352
63,633,3.0,False,0,1.7116319999999998
64,637,4.0,False,0,1.722448
65,644,7.0,False,0,1.7413759999999998
66,649,5.0,False,0,1.7548959999999998
67,652,3.0,False,0,1.763008
68,656,4.0,False,0,1.7738239999999998
69,660,4.0,False,0,1.7846399999999998
70,664,4.0,False,0,1.795456
71,659,5.0,False,0,1.781936
72,672,13.0,False,0,1.8170879999999998
73,681,9.0,False,0,1.841424
74,672,9.0,False,0,1.8170879999999998
75,681,9.0,False,0,1.841424
76,685,4.0,False,0,1.8522399999999999
77,693,8.0,False,0,1.8738719999999998
78,691,2.0,False,0,1.868464
79,700,9.0,False,0,1.8927999999999998
80,705,5.0,False,0,1.9063199999999998
81,705,0.0,False,0,1.9063199999999998
82,716,11.0,False,0,1.9360639999999998
83,717,1.0,False,0,1.9387679999999998
84,721,4.0,False,0,1.9495839999999998
85,727,6.0,False,0,1.9658079999999998
86,729,2.0,False,0,1.9712159999999999
87,733,4.0,False,0,1.9820319999999998
88,737,4.0,False,0,1.992848
89,735,2.0,False,0,1.9874399999999999
90,742,7.0,False,0,2.0063679999999997
91,743,1.0,False,0,2.0090719999999997
92,753,10.0,False,0,2.0361119999999997
93,749,4.0,False,0,2.025296
94,757,8.0,False,0,2.046928
95,773,16.0,False,0,2.090192
96,776,3.0,False,0,2.0983039999999997
97,781,5.0,False,0,2.111824
98,786,5.0,False,0,2.1253439999999997
99,425,-361.0,False,1,1.1492
102,452,27.0,False,1,1.222208
103,450,2.0,False,1,1.2167999999999999
104,457,7.0,False,1,1.235728
105,458,1.0,False,1,1.238432
106,463,5.0,False,1,1.251952
107,460,3.0,False,1,1.2438399999999998
109,468,8.0,False,1,1.265472
110,475,7.0,False,1,1.2844
111,476,1.0,False,1,1.2871039999999998
112,471,5.0,False,1,1.2735839999999998
114,489,18.0,False,1,1.3222559999999999
115,489,0.0,False,1,1.3222559999999999
116,486,3.0,False,1,1.314144
117,494,8.0,False,1,1.3357759999999999
118,500,6.0,False,1,1.3519999999999999
119,508,8.0,False,1,1.373632
120,494,14.0,False,1,1.3357759999999999
121,503,9.0,False,1,1.360112
122,511,8.0,False,1,1.3817439999999999
123,518,7.0,False,1,1.400672
124,518,0.0,False,1,1.400672
125,523,5.0,False,1,1.414192
126,529,6.0,False,1,1.430416
127,523,6.0,False,1,1.414192
128,519,4.0,False,1,1.403376
129,531,12.0,False,1,1.435824
130,539,8.0,False,1,1.4574559999999999
131,530,9.0,False,1,1.43312
132,533,3.0,False,1,1.4412319999999998
134,547,14.0,False,1,1.479088
135,547,0.0,False,1,1.479088
136,549,2.0,False,1,1.4844959999999998
137,557,8.0,False,1,1.506128
138,554,3.0,False,1,1.4980159999999998
140,564,10.0,False,1,1.525056
141,562,2.0,False,1,1.5196479999999999
142,569,7.0,False,1,1.538576
143,568,1.0,False,1,1.535872
144,571,3.0,False,1,1.5439839999999998
145,575,4.0,False,1,1.5548
146,588,13.0,False,1,1.5899519999999998
147,584,4.0,False,1,1.5791359999999999
148,592,8.0,False,1,1.600768
149,591,1.0,False,1,1.598064
150,597,6.0,False,1,1.614288
151,600,3.0,False,1,1.6223999999999998
152,606,6.0,False,1,1.6386239999999999
153,613,7.0,False,1,1.657552
154,617,4.0,False,1,1.6683679999999999
155,617,0.0,False,1,1.6683679999999999
156,620,3.0,False,1,1.67648
157,623,3.0,False,1,1.6845919999999999
158,631,8.0,False,1,1.706224
159,632,1.0,False,1,1.7089279999999998
160,638,6.0,False,1,1.7251519999999998
161,641,3.0,False,1,1.733264
162,642,1.0,False,1,1.735968
163,651,9.0,False,1,1.7603039999999999
164,647,4.0,False,1,1.749488
165,659,12.0,False,1,1.781936
166,664,5.0,False,1,1.795456
167,671,7.0,False,1,1.8143839999999998
168,671,0.0,False,1,1.8143839999999998
169,677,6.0,False,1,1.8306079999999998
170,677,0.0,False,1,1.8306079999999998
171,679,2.0,False,1,1.8360159999999999
172,692,13.0,False,1,1.871168
173,692,0.0,False,1,1.871168
174,698,6.0,False,1,1.887392
175,702,4.0,False,1,1.898208
176,705,3.0,False,1,1.9063199999999998
177,717,12.0,False,1,1.9387679999999998
178,717,0.0,False,1,1.9387679999999998
179,718,1.0,False,1,1.9414719999999999
180,731,13.0,False,1,1.976624
181,731,0.0,False,1,1.976624
182,737,6.0,False,1,1.992848
183,736,1.0,False,1,1.990144
184,745,9.0,False,1,2.01448
185,757,12.0,False,1,2.046928
186,751,6.0,False,1,2.030704
187,765,14.0,False,1,2.0685599999999997
188,766,1.0,False,1,2.0712639999999998
189,770,4.0,False,1,2.08208
190,777,7.0,False,1,2.1010079999999998
191,778,1.0,False,1,2.103712
192,782,4.0,False,1,2.114528
193,795,13.0,False,1,2.14968
194,792,3.0,False,1,2.141568
195,792,0.0,False,1,2.141568
196,440,-352.0,False,2,1.18976
197,450,10.0,False,2,1.2167999999999999
198,444,6.0,False,2,1.2005759999999999
199,451,7.0,False,2,1.219504
200,452,1.0,False,2,1.222208
201,455,3.0,False,2,1.2303199999999999
202,466,11.0,False,2,1.2600639999999999
203,457,9.0,False,2,1.235728
204,465,8.0,False,2,1.2573599999999998
205,464,1.0,False,2,1.254656
206,464,0.0,False,2,1.254656
208,481,17.0,False,2,1.300624
209,476,5.0,False,2,1.2871039999999998
210,488,12.0,False,2,1.3195519999999998
211,483,5.0,False,2,1.3060319999999999
212,492,9.0,False,2,1.330368
213,491,1.0,False,2,1.327664
214,491,0.0,False,2,1.327664
215,503,12.0,False,2,1.360112
216,497,6.0,False,2,1.343888
218,501,4.0,False,2,1.354704
220,510,9.0,False,2,1.3790399999999998
221,505,5.0,False,2,1.3655199999999998
222,517,12.0,False,2,1.3979679999999999
223,527,10.0,False,2,1.4250079999999998
224,532,5.0,False,2,1.4385279999999998
225,528,4.0,False,2,1.4277119999999999
226,526,2.0,False,2,1.4223039999999998
227,528,2.0,False,2,1.4277119999999999
229,549,21.0,False,2,1.4844959999999998
230,548,1.0,False,2,1.481792
231,538,10.0,False,2,1.4547519999999998
233,559,21.0,False,2,1.511536
234,551,8.0,False,2,1.489904
235,560,9.0,False,2,1.5142399999999998
236,568,8.0,False,2,1.535872
237,569,1.0,False,2,1.538576
238,578,9.0,False,2,1.5629119999999999
239,584,6.0,False,2,1.5791359999999999
240,580,4.0,False,2,1.56832
241,582,2.0,False,2,1.5737279999999998
242,588,6.0,False,2,1.5899519999999998
243,593,5.0,False,2,1.6034719999999998
244,593,0.0,False,2,1.6034719999999998
245,600,7.0,False,2,1.6223999999999998
246,608,8.0,False,2,1.644032
247,608,0.0,False,2,1.644032
248,606,2.0,False,2,1.6386239999999999
249,615,9.0,False,2,1.6629599999999998
250,616,1.0,False,2,1.6656639999999998
251,626,10.0,False,2,1.692704
252,625,1.0,False,2,1.69
253,620,5.0,False,2,1.67648
254,630,10.0,False,2,1.70352
255,632,2.0,False,2,1.7089279999999998
256,638,6.0,False,2,1.7251519999999998
257,646,8.0,False,2,1.746784
258,643,3.0,False,2,1.7386719999999998
259,650,7.0,False,2,1.7575999999999998
260,652,2.0,False,2,1.763008
261,659,7.0,False,2,1.781936
262,662,3.0,False,2,1.7900479999999999
263,668,6.0,False,2,1.8062719999999999
264,672,4.0,False,2,1.8170879999999998
265,676,4.0,False,2,1.827904
266,678,2.0,False,2,1.8333119999999998
267,684,6.0,False,2,1.8495359999999998
268,698,14.0,False,2,1.887392
269,691,7.0,False,2,1.868464
270,702,11.0,False,2,1.898208
271,710,8.0,False,2,1.9198399999999998
272,705,5.0,False,2,1.9063199999999998
273,710,5.0,False,2,1.9198399999999998
274,720,10.0,False,2,1.94688
275,720,0.0,False,2,1.94688
276,727,7.0,False,2,1.9658079999999998
277,736,9.0,False,2,1.990144
278,739,3.0,False,2,1.9982559999999998
279,748,9.0,False,2,2.022592
280,753,5.0,False,2,2.0361119999999997
281,753,0.0,False,2,2.0361119999999997
282,756,3.0,False,2,2.044224
283,754,2.0,False,2,2.0388159999999997
284,761,7.0,False,2,2.057744
285,770,9.0,False,2,2.08208
286,771,1.0,False,2,2.084784
287,779,8.0,False,2,2.106416
288,783,4.0,False,2,2.117232
289,783,0.0,False,2,2.117232
290,783,0.0,False,2,2.117232
291,794,11.0,False,2,2.146976
292,800,6.0,False,2,2.1632
293,802,2.0,False,2,2.168608
294,799,3.0,False,2,2.1604959999999997
295,811,12.0,False,2,2.192944
296,811,0.0,False,2,2.192944
297,824,13.0,False,2,2.228096
298,829,5.0,False,2,2.241616
301,451,-378.0,False,3,1.219504
302,455,4.0,False,3,1.2303199999999999
303,455,0.0,False,3,1.2303199999999999
304,456,1.0,False,3,1.233024
305,461,5.0,False,3,1.2465439999999999
306,466,5.0,False,3,1.2600639999999999
307,465,1.0,False,3,1.2573599999999998
308,470,5.0,False,3,1.27088
309,465,5.0,False,3,1.2573599999999998
310,474,9.0,False,3,1.281696
311,477,3.0,False,3,1.2898079999999998
312,474,3.0,False,3,1.281696
313,483,9.0,False,3,1.3060319999999999
314,484,1.0,False,3,1.308736
315,491,7.0,False,3,1.327664
316,486,5.0,False,3,1.314144
317,495,9.0,False,3,1.33848
318,496,1.0,False,3,1.341184
319,499,3.0,False,3,1.3492959999999998
320,502,3.0,False,3,1.357408
321,497,5.0,False,3,1.343888
322,505,8.0,False,3,1.3655199999999998
323,511,6.0,False,3,1.3817439999999999
324,517,6.0,False,3,1.3979679999999999
325,525,8.0,False,3,1.4196
326,527,2.0,False,3,1.4250079999999998
327,528,1.0,False,3,1.4277119999999999
328,530,2.0,False,3,1.43312
329,537,7.0,False,3,1.452048
330,539,2.0,False,3,1.4574559999999999
331,547,8.0,False,3,1.479088
332,549,2.0,False,3,1.4844959999999998
333,546,3.0,False,3,1.476384
334,557,11.0,False,3,1.506128
335,557,0.0,False,3,1.506128
336,553,4.0,False,3,1.495312
337,557,4.0,False,3,1.506128
339,564,7.0,False,3,1.525056
340,575,11.0,False,3,1.5548
341,579,4.0,False,3,1.565616
342,583,4.0,False,3,1.5764319999999998
343,579,4.0,False,3,1.565616
344,585,6.0,False,3,1.58184
345,592,7.0,False,3,1.600768
346,590,2.0,False,3,1.59536
347,593,3.0,False,3,1.6034719999999998
348,604,11.0,False,3,1.6332159999999998
349,610,6.0,False,3,1.6494399999999998
350,614,4.0,False,3,1.660256
351,614,0.0,False,3,1.660256
352,613,1.0,False,3,1.657552
353,627,14.0,False,3,1.6954079999999998
354,629,2.0,False,3,1.7008159999999999
355,629,0.0,False,3,1.7008159999999999
356,639,10.0,False,3,1.7278559999999998
357,640,1.0,False,3,1.7305599999999999
358,639,1.0,False,3,1.7278559999999998
359,654,15.0,False,3,1.7684159999999998
360,655,1.0,False,3,1.7711199999999998
361,660,5.0,False,3,1.7846399999999998
362,655,5.0,False,3,1.7711199999999998
363,659,4.0,False,3,1.781936
364,663,4.0,False,3,1.792752
365,672,9.0,False,3,1.8170879999999998
366,667,5.0,False,3,1.8035679999999998
367,679,12.0,False,3,1.8360159999999999
368,679,0.0,False,3,1.8360159999999999
369,687,8.0,False,3,1.857648
370,688,1.0,False,3,1.8603519999999998
371,704,16.0,False,3,1.903616
372,699,5.0,False,3,1.8900959999999998
373,707,8.0,False,3,1.9117279999999999
374,706,1.0,False,3,1.9090239999999998
375,712,6.0,False,3,1.9252479999999998
376,723,11.0,False,3,1.9549919999999998
377,726,3.0,False,3,1.963104
378,727,1.0,False,3,1.9658079999999998
379,730,3.0,False,3,1.97392
380,737,7.0,False,3,1.992848
381,740,3.0,False,3,2.00096
382,748,8.0,False,3,2.022592
383,751,3.0,False,3,2.030704
384,761,10.0,False,3,2.057744
385,759,2.0,False,3,2.052336
386,770,11.0,False,3,2.08208
387,768,2.0,False,3,2.076672
388,768,0.0,False,3,2.076672
389,780,12.0,False,3,2.10912
390,775,5.0,False,3,2.0955999999999997
391,788,13.0,False,3,2.1307519999999998
392,787,1.0,False,3,2.1280479999999997
393,797,10.0,False,3,2.1550879999999997
394,794,3.0,False,3,2.146976
395,764,30.0,False,3,2.0658559999999997
396,476,-288.0,False,4,1.2871039999999998
397,473,3.0,False,4,1.278992
398,484,11.0,False,4,1.308736
399,483,1.0,False,4,1.3060319999999999
400,487,4.0,False,4,1.3168479999999998
401,489,2.0,False,4,1.3222559999999999
402,495,6.0,False,4,1.33848
403,497,2.0,False,4,1.343888
404,501,4.0,False,4,1.354704
405,498,3.0,False,4,1.346592
406,505,7.0,False,4,1.3655199999999998
407,504,1.0,False,4,1.3628159999999998
408,505,1.0,False,4,1.3655199999999998
409,515,10.0,False,4,1.3925599999999998
410,522,7.0,False,4,1.4114879999999999
411,525,3.0,False,4,1.4196
412,527,2.0,False,4,1.4250079999999998
413,532,5.0,False,4,1.4385279999999998
414,535,3.0,False,4,1.44664
415,536,1.0,False,4,1.449344
416,543,7.0,False,4,1.4682719999999998
417,545,2.0,False,4,1.4736799999999999
418,549,4.0,False,4,1.4844959999999998
419,547,2.0,False,4,1.479088
420,550,3.0,False,4,1.4871999999999999
421,551,1.0,False,4,1.489904
422,552,1.0,False,4,1.492608
423,566,14.0,False,4,1.5304639999999998
424,563,3.0,False,4,1.522352
425,566,3.0,False,4,1.5304639999999998
426,574,8.0,False,4,1.552096
427,578,4.0,False,4,1.5629119999999999
428,581,3.0,False,4,1.571024
429,584,3.0,False,4,1.5791359999999999
430,584,0.0,False,4,1.5791359999999999
431,593,9.0,False,4,1.6034719999999998
432,590,3.0,False,4,1.59536
433,601,11.0,False,4,1.6251039999999999
434,606,5.0,False,4,1.6386239999999999
435,602,4.0,False,4,1.627808
436,608,6.0,False,4,1.644032
437,611,3.0,False,4,1.6521439999999998
438,620,9.0,False,4,1.67648
439,624,4.0,False,4,1.687296
440,627,3.0,False,4,1.6954079999999998
441,624,3.0,False,4,1.687296
442,634,10.0,False,4,1.7143359999999999
443,641,7.0,False,4,1.733264
444,643,2.0,False,4,1.7386719999999998
445,644,1.0,False,4,1.7413759999999998
446,653,9.0,False,4,1.765712
447,657,4.0,False,4,1.7765279999999999
448,655,2.0,False,4,1.7711199999999998
449,662,7.0,False,4,1.7900479999999999
450,661,1.0,False,4,1.7873439999999998
452,671,10.0,False,4,1.8143839999999998
453,680,9.0,False,4,1.83872
454,694,14.0,False,4,1.8765759999999998
455,686,8.0,False,4,1.854944
456,691,5.0,False,4,1.868464
457,696,5.0,False,4,1.8819839999999999
458,703,7.0,False,4,1.900912
459,701,2.0,False,4,1.8955039999999999
460,706,5.0,False,4,1.9090239999999998
461,713,7.0,False,4,1.9279519999999999
462,717,4.0,False,4,1.9387679999999998
463,720,3.0,False,4,1.94688
464,723,3.0,False,4,1.9549919999999998
465,733,10.0,False,4,1.9820319999999998
466,738,5.0,False,4,1.9955519999999998
467,744,6.0,False,4,2.011776
468,749,5.0,False,4,2.025296
469,752,3.0,False,4,2.0334079999999997
470,755,3.0,False,4,2.04152
471,757,2.0,False,4,2.046928
472,769,12.0,False,4,2.079376
473,760,9.0,False,4,2.05504
474,774,14.0,False,4,2.0928959999999996
475,779,5.0,False,4,2.106416
476,783,4.0,False,4,2.117232
477,781,2.0,False,4,2.111824
478,782,1.0,False,4,2.114528
479,793,11.0,False,4,2.144272
480,794,1.0,False,4,2.146976
481,793,1.0,False,4,2.144272
482,806,13.0,False,4,2.179424
483,809,3.0,False,4,2.1875359999999997
484,819,10.0,False,4,2.2145759999999997
485,831,12.0,False,4,2.2470239999999997
486,837,6.0,False,4,2.263248
487,841,4.0,False,4,2.2740639999999996
488,847,6.0,False,4,2.290288
489,851,4.0,False,4,2.301104
490,851,0.0,False,4,2.301104
491,866,15.0,False,4,2.3416639999999997
492,865,1.0,False,4,2.3389599999999997
493,856,9.0,False,4,2.314624
494,867,11.0,False,4,2.344368
495,869,2.0,False,4,2.349776
496,864,5.0,False,4,2.3362559999999997
497,874,10.0,False,4,2.3632959999999996
498,879,5.0,False,4,2.376816
502,530,-349.0,False,5,1.43312
503,538,8.0,False,5,1.4547519999999998
504,545,7.0,False,5,1.4736799999999999
505,544,1.0,False,5,1.4709759999999998
506,553,9.0,False,5,1.495312
507,558,5.0,False,5,1.508832
508,554,4.0,False,5,1.4980159999999998
509,553,1.0,False,5,1.495312
510,555,2.0,False,5,1.5007199999999998
511,561,6.0,False,5,1.5169439999999998
512,573,12.0,False,5,1.5493919999999999
513,578,5.0,False,5,1.5629119999999999
514,576,2.0,False,5,1.5575039999999998
515,578,2.0,False,5,1.5629119999999999
516,583,5.0,False,5,1.5764319999999998
517,586,3.0,False,5,1.584544
518,589,3.0,False,5,1.5926559999999998
519,602,13.0,False,5,1.627808
520,600,2.0,False,5,1.6223999999999998
521,596,4.0,False,5,1.611584
522,604,8.0,False,5,1.6332159999999998
523,613,9.0,False,5,1.657552
524,601,12.0,False,5,1.6251039999999999
525,615,14.0,False,5,1.6629599999999998
526,626,11.0,False,5,1.692704
527,623,3.0,False,5,1.6845919999999999
528,625,2.0,False,5,1.69
529,624,1.0,False,5,1.687296
530,629,5.0,False,5,1.7008159999999999
531,639,10.0,False,5,1.7278559999999998
532,643,4.0,False,5,1.7386719999999998
533,651,8.0,False,5,1.7603039999999999
534,646,5.0,False,5,1.746784
535,656,10.0,False,5,1.7738239999999998
536,658,2.0,False,5,1.779232
537,662,4.0,False,5,1.7900479999999999
538,667,5.0,False,5,1.8035679999999998
539,674,7.0,False,5,1.822496
540,674,0.0,False,5,1.822496
541,674,0.0,False,5,1.822496
542,679,5.0,False,5,1.8360159999999999
543,691,12.0,False,5,1.868464
544,690,1.0,False,5,1.8657599999999999
545,694,4.0,False,5,1.8765759999999998
546,695,1.0,False,5,1.8792799999999998
547,703,8.0,False,5,1.900912
548,703,0.0,False,5,1.900912
549,705,2.0,False,5,1.9063199999999998
550,713,8.0,False,5,1.9279519999999999
551,715,2.0,False,5,1.93336
552,721,6.0,False,5,1.9495839999999998
553,726,5.0,False,5,1.963104
556,738,12.0,False,5,1.9955519999999998
557,738,0.0,False,5,1.9955519999999998
558,749,11.0,False,5,2.025296
559,752,3.0,False,5,2.0334079999999997
560,751,1.0,False,5,2.030704
561,751,0.0,False,5,2.030704
562,760,9.0,False,5,2.05504
563,760,0.0,False,5,2.05504
564,770,10.0,False,5,2.08208
565,774,4.0,False,5,2.0928959999999996
566,772,2.0,False,5,2.087488
567,784,12.0,False,5,2.119936
568,784,0.0,False,5,2.119936
569,785,1.0,False,5,2.1226399999999996
570,794,9.0,False,5,2.146976
571,803,9.0,False,5,2.171312
572,806,3.0,False,5,2.179424
573,808,2.0,False,5,2.1848319999999997
574,813,5.0,False,5,2.198352
575,813,0.0,False,5,2.198352
576,825,12.0,False,5,2.2308
577,832,7.0,False,5,2.2497279999999997
578,830,2.0,False,5,2.2443199999999996
579,842,12.0,False,5,2.2767679999999997
580,854,12.0,False,5,2.3092159999999997
581,860,6.0,False,5,2.32544
582,857,3.0,False,5,2.317328
583,876,19.0,False,5,2.3687039999999997
584,878,2.0,False,5,2.374112
585,888,10.0,False,5,2.4011519999999997
586,890,2.0,False,5,2.40656
587,903,13.0,False,5,2.441712
588,913,10.0,False,5,2.468752
590,916,3.0,False,5,2.476864
591,910,6.0,False,5,2.4606399999999997
595,888,22.0,False,5,2.4011519999999997
596,523,-365.0,False,6,1.414192
597,532,9.0,False,6,1.4385279999999998
599,550,18.0,False,6,1.4871999999999999
600,548,2.0,False,6,1.481792
601,553,5.0,False,6,1.495312
602,556,3.0,False,6,1.5034239999999999
603,559,3.0,False,6,1.511536
604,556,3.0,False,6,1.5034239999999999
605,563,7.0,False,6,1.522352
606,572,9.0,False,6,1.5466879999999998
607,574,2.0,False,6,1.552096
608,581,7.0,False,6,1.571024
609,577,4.0,False,6,1.5602079999999998
610,583,6.0,False,6,1.5764319999999998
611,591,8.0,False,6,1.598064
612,591,0.0,False,6,1.598064
613,600,9.0,False,6,1.6223999999999998
614,597,3.0,False,6,1.614288
615,600,3.0,False,6,1.6223999999999998
616,605,5.0,False,6,1.6359199999999998
617,610,5.0,False,6,1.6494399999999998
618,612,2.0,False,6,1.6548479999999999
619,616,4.0,False,6,1.6656639999999998
620,618,2.0,False,6,1.671072
621,627,9.0,False,6,1.6954079999999998
622,626,1.0,False,6,1.692704
623,625,1.0,False,6,1.69
624,627,2.0,False,6,1.6954079999999998
625,633,6.0,False,6,1.7116319999999998
626,639,6.0,False,6,1.7278559999999998
627,641,2.0,False,6,1.733264
628,651,10.0,False,6,1.7603039999999999
629,648,3.0,False,6,1.752192
630,660,12.0,False,6,1.7846399999999998
631,664,4.0,False,6,1.795456
632,662,2.0,False,6,1.7900479999999999
633,673,11.0,False,6,1.8197919999999999
634,675,2.0,False,6,1.8252
635,678,3.0,False,6,1.8333119999999998
636,688,10.0,False,6,1.8603519999999998
637,687,1.0,False,6,1.857648
638,695,8.0,False,6,1.8792799999999998
639,694,1.0,False,6,1.8765759999999998
640,700,6.0,False,6,1.8927999999999998
641,705,5.0,False,6,1.9063199999999998
642,709,4.0,False,6,1.917136
643,713,4.0,False,6,1.9279519999999999
644,723,10.0,False,6,1.9549919999999998
645,722,1.0,False,6,1.9522879999999998
646,722,0.0,False,6,1.9522879999999998
647,725,3.0,False,6,1.9604
648,729,4.0,False,6,1.9712159999999999
649,741,12.0,False,6,2.0036639999999997
650,748,7.0,False,6,2.022592
651,750,2.0,False,6,2.028
652,763,13.0,False,6,2.0631519999999997
653,763,0.0,False,6,2.0631519999999997
654,765,2.0,False,6,2.0685599999999997
655,765,0.0,False,6,2.0685599999999997
656,772,7.0,False,6,2.087488
657,773,1.0,False,6,2.090192
658,784,11.0,False,6,2.119936
659,789,5.0,False,6,2.133456
660,796,7.0,False,6,2.1523839999999996
661,793,3.0,False,6,2.144272
662,797,4.0,False,6,2.1550879999999997
663,807,10.0,False,6,2.1821279999999996
664,812,5.0,False,6,2.195648
665,821,9.0,False,6,2.2199839999999997
666,819,2.0,False,6,2.2145759999999997
667,826,7.0,False,6,2.233504
668,819,7.0,False,6,2.2145759999999997
669,821,2.0,False,6,2.2199839999999997
670,829,8.0,False,6,2.241616
671,827,2.0,False,6,2.236208
672,835,8.0,False,6,2.25784
673,826,9.0,False,6,2.233504
674,841,15.0,False,6,2.2740639999999996
675,846,5.0,False,6,2.287584
676,837,9.0,False,6,2.263248
677,848,11.0,False,6,2.292992
678,847,1.0,False,6,2.290288
679,857,10.0,False,6,2.317328
680,868,11.0,False,6,2.347072
681,883,15.0,False,6,2.387632
682,891,8.0,False,6,2.409264
683,893,2.0,False,6,2.414672
684,896,3.0,False,6,2.422784
685,882,14.0,False,6,2.384928
687,508,-374.0,False,7,1.373632
688,507,1.0,False,7,1.370928
689,510,3.0,False,7,1.3790399999999998
690,509,1.0,False,7,1.376336
691,519,10.0,False,7,1.403376
692,522,3.0,False,7,1.4114879999999999
693,521,1.0,False,7,1.4087839999999998
694,529,8.0,False,7,1.430416
695,532,3.0,False,7,1.4385279999999998
696,529,3.0,False,7,1.430416
697,541,12.0,False,7,1.462864
698,542,1.0,False,7,1.465568
699,543,1.0,False,7,1.4682719999999998
700,548,5.0,False,7,1.481792
701,553,5.0,False,7,1.495312
702,552,1.0,False,7,1.492608
703,558,6.0,False,7,1.508832
704,558,0.0,False,7,1.508832
705,557,1.0,False,7,1.506128
706,564,7.0,False,7,1.525056
707,565,1.0,False,7,1.5277599999999998
708,571,6.0,False,7,1.5439839999999998
709,578,7.0,False,7,1.5629119999999999
710,578,0.0,False,7,1.5629119999999999
711,587,9.0,False,7,1.587248
712,584,3.0,False,7,1.5791359999999999
713,594,10.0,False,7,1.6061759999999998
714,592,2.0,False,7,1.600768
715,600,8.0,False,7,1.6223999999999998
716,596,4.0,False,7,1.611584
717,608,12.0,False,7,1.644032
718,610,2.0,False,7,1.6494399999999998
719,611,1.0,False,7,1.6521439999999998
720,618,7.0,False,7,1.671072
721,625,7.0,False,7,1.69
722,620,5.0,False,7,1.67648
723,628,8.0,False,7,1.6981119999999998
724,636,8.0,False,7,1.719744
725,638,2.0,False,7,1.7251519999999998
726,639,1.0,False,7,1.7278559999999998
727,643,4.0,False,7,1.7386719999999998
728,649,6.0,False,7,1.7548959999999998
729,652,3.0,False,7,1.763008
730,659,7.0,False,7,1.781936
731,662,3.0,False,7,1.7900479999999999
732,666,4.0,False,7,1.8008639999999998
733,667,1.0,False,7,1.8035679999999998
734,669,2.0,False,7,1.808976
735,677,8.0,False,7,1.8306079999999998
736,684,7.0,False,7,1.8495359999999998
737,694,10.0,False,7,1.8765759999999998
738,695,1.0,False,7,1.8792799999999998
739,700,5.0,False,7,1.8927999999999998
740,702,2.0,False,7,1.898208
741,710,8.0,False,7,1.9198399999999998
742,718,8.0,False,7,1.9414719999999999
743,717,1.0,False,7,1.9387679999999998
744,724,7.0,False,7,1.9576959999999999
745,729,5.0,False,7,1.9712159999999999
746,730,1.0,False,7,1.97392
747,733,3.0,False,7,1.9820319999999998
748,737,4.0,False,7,1.992848
749,746,9.0,False,7,2.017184
750,745,1.0,False,7,2.01448
751,758,13.0,False,7,2.049632
752,758,0.0,False,7,2.049632
753,764,6.0,False,7,2.0658559999999997
754,774,10.0,False,7,2.0928959999999996
755,782,8.0,False,7,2.114528
756,784,2.0,False,7,2.119936
757,787,3.0,False,7,2.1280479999999997
758,799,12.0,False,7,2.1604959999999997
759,802,3.0,False,7,2.168608
760,808,6.0,False,7,2.1848319999999997
761,816,8.0,False,7,2.206464
762,818,2.0,False,7,2.211872
763,823,5.0,False,7,2.225392
764,818,5.0,False,7,2.211872
765,816,2.0,False,7,2.206464
766,811,5.0,False,7,2.192944
767,820,9.0,False,7,2.2172799999999997
768,825,5.0,False,7,2.2308
769,832,7.0,False,7,2.2497279999999997
770,838,6.0,False,7,2.265952
771,855,17.0,False,7,2.3119199999999998
772,834,21.0,False,7,2.255136
773,826,8.0,False,7,2.233504
774,828,2.0,False,7,2.238912
777,481,-347.0,False,8,1.300624
778,483,2.0,False,8,1.3060319999999999
779,483,0.0,False,8,1.3060319999999999
780,487,4.0,False,8,1.3168479999999998
781,493,6.0,False,8,1.3330719999999998
782,490,3.0,False,8,1.32496
783,502,12.0,False,8,1.357408
784,498,4.0,False,8,1.346592
785,506,8.0,False,8,1.3682239999999999
786,511,5.0,False,8,1.3817439999999999
787,514,3.0,False,8,1.389856
788,517,3.0,False,8,1.3979679999999999
789,515,2.0,False,8,1.3925599999999998
790,520,5.0,False,8,1.40608
791,529,9.0,False,8,1.430416
792,527,2.0,False,8,1.4250079999999998
793,526,1.0,False,8,1.4223039999999998
794,534,8.0,False,8,1.4439359999999999
795,534,0.0,False,8,1.4439359999999999
796,537,3.0,False,8,1.452048
797,545,8.0,False,8,1.4736799999999999
798,549,4.0,False,8,1.4844959999999998
799,557,8.0,False,8,1.506128
800,556,1.0,False,8,1.5034239999999999
801,560,4.0,False,8,1.5142399999999998
802,558,2.0,False,8,1.508832
803,566,8.0,False,8,1.5304639999999998
804,567,1.0,False,8,1.5331679999999999
805,580,13.0,False,8,1.56832
806,580,0.0,False,8,1.56832
807,575,5.0,False,8,1.5548
808,584,9.0,False,8,1.5791359999999999
809,590,6.0,False,8,1.59536
810,596,6.0,False,8,1.611584
811,594,2.0,False,8,1.6061759999999998
812,594,0.0,False,8,1.6061759999999998
813,594,0.0,False,8,1.6061759999999998
814,606,12.0,False,8,1.6386239999999999
815,613,7.0,False,8,1.657552
816,611,2.0,False,8,1.6521439999999998
817,614,3.0,False,8,1.660256
818,619,5.0,False,8,1.673776
819,623,4.0,False,8,1.6845919999999999
820,624,1.0,False,8,1.687296
821,630,6.0,False,8,1.70352
822,631,1.0,False,8,1.706224
823,639,8.0,False,8,1.7278559999999998
824,636,3.0,False,8,1.719744
825,646,10.0,False,8,1.746784
826,646,0.0,False,8,1.746784
827,654,8.0,False,8,1.7684159999999998
828,661,7.0,False,8,1.7873439999999998
829,659,2.0,False,8,1.781936
830,664,5.0,False,8,1.795456
831,670,6.0,False,8,1.81168
832,669,1.0,False,8,1.808976
833,676,7.0,False,8,1.827904
834,680,4.0,False,8,1.83872
835,684,4.0,False,8,1.8495359999999998
836,689,5.0,False,8,1.8630559999999998
837,691,2.0,False,8,1.868464
838,701,10.0,False,8,1.8955039999999999
839,700,1.0,False,8,1.8927999999999998
840,711,11.0,False,8,1.9225439999999998
841,706,5.0,False,8,1.9090239999999998
842,711,5.0,False,8,1.9225439999999998
843,720,9.0,False,8,1.94688
844,728,8.0,False,8,1.9685119999999998
845,731,3.0,False,8,1.976624
846,732,1.0,False,8,1.9793279999999998
847,739,7.0,False,8,1.9982559999999998
848,744,5.0,False,8,2.011776
849,742,2.0,False,8,2.0063679999999997
850,759,17.0,False,8,2.052336
851,755,4.0,False,8,2.04152
852,761,6.0,False,8,2.057744
853,756,5.0,False,8,2.044224
854,764,8.0,False,8,2.0658559999999997
855,773,9.0,False,8,2.090192
856,778,5.0,False,8,2.103712
857,770,8.0,False,8,2.08208
858,781,11.0,False,8,2.111824
859,787,6.0,False,8,2.1280479999999997
860,795,8.0,False,8,2.14968
861,800,5.0,False,8,2.1632
862,808,8.0,False,8,2.1848319999999997
863,813,5.0,False,8,2.198352
864,811,2.0,False,8,2.192944
865,812,1.0,False,8,2.195648
866,810,2.0,False,8,2.1902399999999997
867,813,3.0,False,8,2.198352
868,811,2.0,False,8,2.192944
869,812,1.0,False,8,2.195648
870,812,0.0,False,8,2.195648
872,831,19.0,False,8,2.2470239999999997
874,841,10.0,False,8,2.2740639999999996
876,856,15.0,False,8,2.314624
877,459,-397.0,False,9,1.241136
881,460,1.0,False,9,1.2438399999999998
885,511,51.0,False,9,1.3817439999999999
886,520,9.0,False,9,1.40608
887,525,5.0,False,9,1.4196
888,518,7.0,False,9,1.400672
889,524,6.0,False,9,1.416896
890,528,4.0,False,9,1.4277119999999999
891,536,8.0,False,9,1.449344
892,527,9.0,False,9,1.4250079999999998
893,537,10.0,False,9,1.452048
894,537,0.0,False,9,1.452048
895,546,9.0,False,9,1.476384
896,544,2.0,False,9,1.4709759999999998
897,554,10.0,False,9,1.4980159999999998
898,552,2.0,False,9,1.492608
899,562,10.0,False,9,1.5196479999999999
900,559,3.0,False,9,1.511536
901,560,1.0,False,9,1.5142399999999998
902,567,7.0,False,9,1.5331679999999999
903,575,8.0,False,9,1.5548
904,578,3.0,False,9,1.5629119999999999
905,580,2.0,False,9,1.56832
906,581,1.0,False,9,1.571024
907,588,7.0,False,9,1.5899519999999998
908,592,4.0,False,9,1.600768
909,593,1.0,False,9,1.6034719999999998
910,599,6.0,False,9,1.6196959999999998
911,601,2.0,False,9,1.6251039999999999
912,603,2.0,False,9,1.630512
913,603,0.0,False,9,1.630512
914,614,11.0,False,9,1.660256
915,611,3.0,False,9,1.6521439999999998
916,614,3.0,False,9,1.660256
917,621,7.0,False,9,1.6791839999999998
918,626,5.0,False,9,1.692704
919,627,1.0,False,9,1.6954079999999998
920,637,10.0,False,9,1.722448
921,636,1.0,False,9,1.719744
922,642,6.0,False,9,1.735968
923,643,1.0,False,9,1.7386719999999998
924,649,6.0,False,9,1.7548959999999998
925,646,3.0,False,9,1.746784
926,657,11.0,False,9,1.7765279999999999
927,656,1.0,False,9,1.7738239999999998
928,665,9.0,False,9,1.79816
929,664,1.0,False,9,1.795456
930,678,14.0,False,9,1.8333119999999998
931,672,6.0,False,9,1.8170879999999998
932,684,12.0,False,9,1.8495359999999998
933,685,1.0,False,9,1.8522399999999999
934,686,1.0,False,9,1.854944
935,693,7.0,False,9,1.8738719999999998
936,696,3.0,False,9,1.8819839999999999
937,711,15.0,False,9,1.9225439999999998
938,712,1.0,False,9,1.9252479999999998
939,712,0.0,False,9,1.9252479999999998
940,719,7.0,False,9,1.944176
941,727,8.0,False,9,1.9658079999999998
942,725,2.0,False,9,1.9604
943,733,8.0,False,9,1.9820319999999998
944,736,3.0,False,9,1.990144
945,745,9.0,False,9,2.01448
946,746,1.0,False,9,2.017184
947,753,7.0,False,9,2.0361119999999997
948,754,1.0,False,9,2.0388159999999997
949,759,5.0,False,9,2.052336
950,758,1.0,False,9,2.049632
951,739,19.0,False,9,1.9982559999999998
953,780,41.0,False,9,2.10912
954,775,5.0,False,9,2.0955999999999997
955,792,17.0,False,9,2.141568
956,791,1.0,False,9,2.138864
957,788,3.0,False,9,2.1307519999999998
958,792,4.0,False,9,2.141568
959,798,6.0,False,9,2.1577919999999997
960,805,7.0,False,9,2.17672
961,804,1.0,False,9,2.174016
962,815,11.0,False,9,2.20376
963,823,8.0,False,9,2.225392
964,822,1.0,False,9,2.2226879999999998
965,836,14.0,False,9,2.260544
966,832,4.0,False,9,2.2497279999999997
967,832,0.0,False,9,2.2497279999999997
968,839,7.0,False,9,2.268656
969,835,4.0,False,9,2.25784
970,846,11.0,False,9,2.287584
971,850,4.0,False,9,2.2984
972,502,-348.0,False,10,1.357408
973,505,3.0,False,10,1.3655199999999998
974,510,5.0,False,10,1.3790399999999998
975,510,0.0,False,10,1.3790399999999998
976,503,7.0,False,10,1.360112
977,515,12.0,False,10,1.3925599999999998
978,518,3.0,False,10,1.400672
979,517,1.0,False,10,1.3979679999999999
980,525,8.0,False,10,1.4196
981,526,1.0,False,10,1.4223039999999998
982,534,8.0,False,10,1.4439359999999999
983,536,2.0,False,10,1.449344
984,538,2.0,False,10,1.4547519999999998
985,534,4.0,False,10,1.4439359999999999
986,544,10.0,False,10,1.4709759999999998
987,546,2.0,False,10,1.476384
988,554,8.0,False,10,1.4980159999999998
989,554,0.0,False,10,1.4980159999999998
990,558,4.0,False,10,1.508832
991,560,2.0,False,10,1.5142399999999998
992,572,12.0,False,10,1.5466879999999998
993,567,5.0,False,10,1.5331679999999999
994,573,6.0,False,10,1.5493919999999999
995,578,5.0,False,10,1.5629119999999999
996,574,4.0,False,10,1.552096
997,587,13.0,False,10,1.587248
998,585,2.0,False,10,1.58184
999,585,0.0,False,10,1.58184
1000,593,8.0,False,10,1.6034719999999998
1001,599,6.0,False,10,1.6196959999999998
1002,603,4.0,False,10,1.630512
1003,609,6.0,False,10,1.646736
1004,608,1.0,False,10,1.644032
1005,610,2.0,False,10,1.6494399999999998
1006,611,1.0,False,10,1.6521439999999998
1007,620,9.0,False,10,1.67648
1008,625,5.0,False,10,1.69
1009,625,0.0,False,10,1.69
1010,633,8.0,False,10,1.7116319999999998
1011,628,5.0,False,10,1.6981119999999998
1012,634,6.0,False,10,1.7143359999999999
1013,641,7.0,False,10,1.733264
1014,646,5.0,False,10,1.746784
1015,648,2.0,False,10,1.752192
1016,660,12.0,False,10,1.7846399999999998
1017,654,6.0,False,10,1.7684159999999998
1018,662,8.0,False,10,1.7900479999999999
1019,667,5.0,False,10,1.8035679999999998
1020,662,5.0,False,10,1.7900479999999999
1022,677,15.0,False,10,1.8306079999999998
1023,688,11.0,False,10,1.8603519999999998
1024,690,2.0,False,10,1.8657599999999999
1025,694,4.0,False,10,1.8765759999999998
1026,699,5.0,False,10,1.8900959999999998
1027,705,6.0,False,10,1.9063199999999998
1028,705,0.0,False,10,1.9063199999999998
1029,710,5.0,False,10,1.9198399999999998
1030,714,4.0,False,10,1.930656
1031,722,8.0,False,10,1.9522879999999998
1032,728,6.0,False,10,1.9685119999999998
1033,733,5.0,False,10,1.9820319999999998
1034,740,7.0,False,10,2.00096
1035,742,2.0,False,10,2.0063679999999997
1036,744,2.0,False,10,2.011776
1037,749,5.0,False,10,2.025296
1038,760,11.0,False,10,2.05504
1039,764,4.0,False,10,2.0658559999999997
1040,764,0.0,False,10,2.0658559999999997
1041,773,9.0,False,10,2.090192
1042,770,3.0,False,10,2.08208
1043,780,10.0,False,10,2.10912
1044,777,3.0,False,10,2.1010079999999998
1045,787,10.0,False,10,2.1280479999999997
1046,789,2.0,False,10,2.133456
1047,798,9.0,False,10,2.1577919999999997
1048,798,0.0,False,10,2.1577919999999997
1049,804,6.0,False,10,2.174016
1050,805,1.0,False,10,2.17672
1051,805,0.0,False,10,2.17672
1052,807,2.0,False,10,2.1821279999999996
1053,806,1.0,False,10,2.179424
1054,816,10.0,False,10,2.206464
1055,816,0.0,False,10,2.206464
1056,823,7.0,False,10,2.225392
1057,836,13.0,False,10,2.260544
1058,840,4.0,False,10,2.27136
1059,841,1.0,False,10,2.2740639999999996
1060,846,5.0,False,10,2.287584
1061,852,6.0,False,10,2.3038079999999996
1062,859,7.0,False,10,2.322736
1063,869,10.0,False,10,2.349776
1064,878,9.0,False,10,2.374112
1065,878,0.0,False,10,2.374112
1068,510,-368.0,False,11,1.3790399999999998
1069,513,3.0,False,11,1.387152
1070,520,7.0,False,11,1.40608
1071,518,2.0,False,11,1.400672
1072,522,4.0,False,11,1.4114879999999999
1073,520,2.0,False,11,1.40608
1074,519,1.0,False,11,1.403376
1075,531,12.0,False,11,1.435824
1076,534,3.0,False,11,1.4439359999999999
1077,530,4.0,False,11,1.43312
1078,532,2.0,False,11,1.4385279999999998
1079,535,3.0,False,11,1.44664
1080,544,9.0,False,11,1.4709759999999998
1081,539,5.0,False,11,1.4574559999999999
1082,549,10.0,False,11,1.4844959999999998
1083,553,4.0,False,11,1.495312
1084,549,4.0,False,11,1.4844959999999998
1085,562,13.0,False,11,1.5196479999999999
1086,554,8.0,False,11,1.4980159999999998
1088,562,8.0,False,11,1.5196479999999999
1090,576,14.0,False,11,1.5575039999999998
1091,585,9.0,False,11,1.58184
1092,577,8.0,False,11,1.5602079999999998
1094,590,13.0,False,11,1.59536
1095,598,8.0,False,11,1.616992
1096,598,0.0,False,11,1.616992
1097,605,7.0,False,11,1.6359199999999998
1098,609,4.0,False,11,1.646736
1099,605,4.0,False,11,1.6359199999999998
1100,609,4.0,False,11,1.646736
1101,615,6.0,False,11,1.6629599999999998
1102,623,8.0,False,11,1.6845919999999999
1103,626,3.0,False,11,1.692704
1104,624,2.0,False,11,1.687296
1105,629,5.0,False,11,1.7008159999999999
1106,636,7.0,False,11,1.719744
1107,638,2.0,False,11,1.7251519999999998
1108,646,8.0,False,11,1.746784
1109,644,2.0,False,11,1.7413759999999998
1110,654,10.0,False,11,1.7684159999999998
1111,657,3.0,False,11,1.7765279999999999
1112,658,1.0,False,11,1.779232
1113,666,8.0,False,11,1.8008639999999998
1114,671,5.0,False,11,1.8143839999999998
1115,669,2.0,False,11,1.808976
1116,676,7.0,False,11,1.827904
1117,683,7.0,False,11,1.8468319999999998
1118,687,4.0,False,11,1.857648
1119,692,5.0,False,11,1.871168
1120,690,2.0,False,11,1.8657599999999999
1121,701,11.0,False,11,1.8955039999999999
1122,707,6.0,False,11,1.9117279999999999
1123,708,1.0,False,11,1.914432
1124,719,11.0,False,11,1.944176
1125,723,4.0,False,11,1.9549919999999998
1126,722,1.0,False,11,1.9522879999999998
1127,728,6.0,False,11,1.9685119999999998
1128,738,10.0,False,11,1.9955519999999998
1129,733,5.0,False,11,1.9820319999999998
1131,744,11.0,False,11,2.011776
1133,752,8.0,False,11,2.0334079999999997
1134,761,9.0,False,11,2.057744
1135,766,5.0,False,11,2.0712639999999998
1136,771,5.0,False,11,2.084784
1137,774,3.0,False,11,2.0928959999999996
1138,777,3.0,False,11,2.1010079999999998
1139,784,7.0,False,11,2.119936
1140,790,6.0,False,11,2.13616
1141,796,6.0,False,11,2.1523839999999996
1142,807,11.0,False,11,2.1821279999999996
1143,812,5.0,False,11,2.195648
1144,809,3.0,False,11,2.1875359999999997
1145,818,9.0,False,11,2.211872
1146,830,12.0,False,11,2.2443199999999996
1147,833,3.0,False,11,2.2524319999999998
1148,849,16.0,False,11,2.295696
1149,850,1.0,False,11,2.2984
1150,855,5.0,False,11,2.3119199999999998
1151,864,9.0,False,11,2.3362559999999997
1152,870,6.0,False,11,2.35248
1153,870,0.0,False,11,2.35248
1154,871,1.0,False,11,2.355184
1155,882,11.0,False,11,2.384928
1156,894,12.0,False,11,2.417376
1157,890,4.0,False,11,2.40656
1158,889,1.0,False,11,2.4038559999999998
1159,890,1.0,False,11,2.40656
1160,483,-407.0,False,12,1.3060319999999999
1162,501,18.0,False,12,1.354704
1165,506,5.0,False,12,1.3682239999999999
1166,507,1.0,False,12,1.370928
1167,508,1.0,False,12,1.373632
1168,501,7.0,False,12,1.354704
1171,511,10.0,False,12,1.3817439999999999
1172,518,7.0,False,12,1.400672
1173,531,13.0,False,12,1.435824
1174,540,9.0,False,12,1.46016
1175,546,6.0,False,12,1.476384
1176,552,6.0,False,12,1.492608
1177,547,5.0,False,12,1.479088
1178,554,7.0,False,12,1.4980159999999998
1179,560,6.0,False,12,1.5142399999999998
1180,558,2.0,False,12,1.508832
1181,565,7.0,False,12,1.5277599999999998
1182,570,5.0,False,12,1.54128
1183,572,2.0,False,12,1.5466879999999998
1184,575,3.0,False,12,1.5548
1185,577,2.0,False,12,1.5602079999999998
1186,575,2.0,False,12,1.5548
1187,589,14.0,False,12,1.5926559999999998
1188,589,0.0,False,12,1.5926559999999998
1189,590,1.0,False,12,1.59536
1190,602,12.0,False,12,1.627808
1191,597,5.0,False,12,1.614288
1192,610,13.0,False,12,1.6494399999999998
1193,606,4.0,False,12,1.6386239999999999
1194,612,6.0,False,12,1.6548479999999999
1195,620,8.0,False,12,1.67648
1196,621,1.0,False,12,1.6791839999999998
1197,622,1.0,False,12,1.6818879999999998
1198,622,0.0,False,12,1.6818879999999998
1199,629,7.0,False,12,1.7008159999999999
1200,628,1.0,False,12,1.6981119999999998
1201,636,8.0,False,12,1.719744
1202,640,4.0,False,12,1.7305599999999999
1203,644,4.0,False,12,1.7413759999999998
1204,642,2.0,False,12,1.735968
1205,655,13.0,False,12,1.7711199999999998
1206,653,2.0,False,12,1.765712
1207,664,11.0,False,12,1.795456
1208,665,1.0,False,12,1.79816
1209,669,4.0,False,12,1.808976
1210,672,3.0,False,12,1.8170879999999998
1211,674,2.0,False,12,1.822496
1212,675,1.0,False,12,1.8252
1213,679,4.0,False,12,1.8360159999999999
1214,688,9.0,False,12,1.8603519999999998
1215,694,6.0,False,12,1.8765759999999998
1216,702,8.0,False,12,1.898208
1217,707,5.0,False,12,1.9117279999999999
1218,706,1.0,False,12,1.9090239999999998
1219,722,16.0,False,12,1.9522879999999998
1220,722,0.0,False,12,1.9522879999999998
1221,716,6.0,False,12,1.9360639999999998
1222,721,5.0,False,12,1.9495839999999998
1223,728,7.0,False,12,1.9685119999999998
1224,733,5.0,False,12,1.9820319999999998
1225,740,7.0,False,12,2.00096
1226,735,5.0,False,12,1.9874399999999999
1227,753,18.0,False,12,2.0361119999999997
1228,756,3.0,False,12,2.044224
1229,758,2.0,False,12,2.049632
1230,766,8.0,False,12,2.0712639999999998
1231,767,1.0,False,12,2.073968
1232,778,11.0,False,12,2.103712
1233,780,2.0,False,12,2.10912
1234,791,11.0,False,12,2.138864
1235,791,0.0,False,12,2.138864
1236,803,12.0,False,12,2.171312
1237,804,1.0,False,12,2.174016
1238,801,3.0,False,12,2.165904
1239,813,12.0,False,12,2.198352
1240,815,2.0,False,12,2.20376
1241,813,2.0,False,12,2.198352
1242,827,14.0,False,12,2.236208
1243,835,8.0,False,12,2.25784
1244,840,5.0,False,12,2.27136
1245,847,7.0,False,12,2.290288
1246,853,6.0,False,12,2.3065119999999997
1247,849,4.0,False,12,2.295696
1248,863,14.0,False,12,2.3335519999999996
1249,863,0.0,False,12,2.3335519999999996
1250,839,24.0,False,12,2.268656
1251,847,8.0,False,12,2.290288
1252,808,39.0,False,12,2.1848319999999997
1253,786,22.0,False,12,2.1253439999999997
1254,805,19.0,False,12,2.17672
1255,804,1.0,False,12,2.174016
1256,802,2.0,False,12,2.168608
1257,809,7.0,False,12,2.1875359999999997
1258,810,1.0,False,12,2.1902399999999997
1259,814,4.0,False,12,2.201056
1260,821,7.0,False,12,2.2199839999999997
1265,824,3.0,False,12,2.228096
1266,834,10.0,False,12,2.255136
1267,530,-304.0,False,13,1.43312
1268,528,2.0,False,13,1.4277119999999999
1269,531,3.0,False,13,1.435824
1270,535,4.0,False,13,1.44664
1271,531,4.0,False,13,1.435824
1272,543,12.0,False,13,1.4682719999999998
1273,542,1.0,False,13,1.465568
1274,540,2.0,False,13,1.46016
1275,553,13.0,False,13,1.495312
1276,557,4.0,False,13,1.506128
1277,559,2.0,False,13,1.511536
1278,559,0.0,False,13,1.511536
1279,564,5.0,False,13,1.525056
1280,571,7.0,False,13,1.5439839999999998
1281,566,5.0,False,13,1.5304639999999998
1282,578,12.0,False,13,1.5629119999999999
1283,580,2.0,False,13,1.56832
1284,574,6.0,False,13,1.552096
1285,583,9.0,False,13,1.5764319999999998
1286,586,3.0,False,13,1.584544
1287,590,4.0,False,13,1.59536
1288,586,4.0,False,13,1.584544
1289,595,9.0,False,13,1.6088799999999999
1290,600,5.0,False,13,1.6223999999999998
1291,603,3.0,False,13,1.630512
1292,608,5.0,False,13,1.644032
1293,611,3.0,False,13,1.6521439999999998
1294,617,6.0,False,13,1.6683679999999999
1295,616,1.0,False,13,1.6656639999999998
1296,620,4.0,False,13,1.67648
1297,628,8.0,False,13,1.6981119999999998
1298,636,8.0,False,13,1.719744
1299,627,9.0,False,13,1.6954079999999998
1300,635,8.0,False,13,1.71704
1301,640,5.0,False,13,1.7305599999999999
1302,640,0.0,False,13,1.7305599999999999
1303,643,3.0,False,13,1.7386719999999998
1304,655,12.0,False,13,1.7711199999999998
1305,651,4.0,False,13,1.7603039999999999
1306,653,2.0,False,13,1.765712
1307,660,7.0,False,13,1.7846399999999998
1308,668,8.0,False,13,1.8062719999999999
1309,667,1.0,False,13,1.8035679999999998
1310,670,3.0,False,13,1.81168
1311,682,12.0,False,13,1.8441279999999998
1312,677,5.0,False,13,1.8306079999999998
1313,690,13.0,False,13,1.8657599999999999
1314,690,0.0,False,13,1.8657599999999999
1315,691,1.0,False,13,1.868464
1316,697,6.0,False,13,1.884688
1317,701,4.0,False,13,1.8955039999999999
1318,702,1.0,False,13,1.898208
1319,711,9.0,False,13,1.9225439999999998
1320,715,4.0,False,13,1.93336
1321,714,1.0,False,13,1.930656
1322,721,7.0,False,13,1.9495839999999998
1323,720,1.0,False,13,1.94688
1324,723,3.0,False,13,1.9549919999999998
1325,729,6.0,False,13,1.9712159999999999
1326,727,2.0,False,13,1.9658079999999998
1327,743,16.0,False,13,2.0090719999999997
1328,744,1.0,False,13,2.011776
1329,753,9.0,False,13,2.0361119999999997
1330,763,10.0,False,13,2.0631519999999997
1331,764,1.0,False,13,2.0658559999999997
1332,775,11.0,False,13,2.0955999999999997
1333,770,5.0,False,13,2.08208
1334,773,3.0,False,13,2.090192
1335,779,6.0,False,13,2.106416
1336,785,6.0,False,13,2.1226399999999996
1337,793,8.0,False,13,2.144272
1338,798,5.0,False,13,2.1577919999999997
1339,810,12.0,False,13,2.1902399999999997
1340,819,9.0,False,13,2.2145759999999997
1341,824,5.0,False,13,2.228096
1342,829,5.0,False,13,2.241616
1343,836,7.0,False,13,2.260544
1344,829,7.0,False,13,2.241616
1345,830,1.0,False,13,2.2443199999999996
1346,831,1.0,False,13,2.2470239999999997
1347,837,6.0,False,13,2.263248
1348,818,19.0,False,13,2.211872
1350,514,-304.0,False,14,1.389856
1351,518,4.0,False,14,1.400672
1352,523,5.0,False,14,1.414192
1353,529,6.0,False,14,1.430416
1354,529,0.0,False,14,1.430416
1355,531,2.0,False,14,1.435824
1356,528,3.0,False,14,1.4277119999999999
1357,536,8.0,False,14,1.449344
1358,534,2.0,False,14,1.4439359999999999
1359,539,5.0,False,14,1.4574559999999999
1360,542,3.0,False,14,1.465568
1363,555,13.0,False,14,1.5007199999999998
1364,558,3.0,False,14,1.508832
1365,557,1.0,False,14,1.506128
1366,563,6.0,False,14,1.522352
1367,571,8.0,False,14,1.5439839999999998
1368,572,1.0,False,14,1.5466879999999998
1369,575,3.0,False,14,1.5548
1370,577,2.0,False,14,1.5602079999999998
1371,580,3.0,False,14,1.56832
1372,583,3.0,False,14,1.5764319999999998
1373,584,1.0,False,14,1.5791359999999999
1374,586,2.0,False,14,1.584544
1375,589,3.0,False,14,1.5926559999999998
1376,591,2.0,False,14,1.598064
1377,596,5.0,False,14,1.611584
1378,594,2.0,False,14,1.6061759999999998
1379,606,12.0,False,14,1.6386239999999999
1380,608,2.0,False,14,1.644032
1381,618,10.0,False,14,1.671072
1382,613,5.0,False,14,1.657552
1383,616,3.0,False,14,1.6656639999999998
1384,625,9.0,False,14,1.69
1385,631,6.0,False,14,1.706224
1386,635,4.0,False,14,1.71704
1387,634,1.0,False,14,1.7143359999999999
1388,643,9.0,False,14,1.7386719999999998
1389,645,2.0,False,14,1.7440799999999999
1390,648,3.0,False,14,1.752192
1391,657,9.0,False,14,1.7765279999999999
1392,654,3.0,False,14,1.7684159999999998
1393,665,11.0,False,14,1.79816
1394,658,7.0,False,14,1.779232
1395,669,11.0,False,14,1.808976
1396,671,2.0,False,14,1.8143839999999998
1397,674,3.0,False,14,1.822496
1398,675,1.0,False,14,1.8252
1399,679,4.0,False,14,1.8360159999999999
1400,688,9.0,False,14,1.8603519999999998
1401,692,4.0,False,14,1.871168
1402,692,0.0,False,14,1.871168
1403,701,9.0,False,14,1.8955039999999999
1404,697,4.0,False,14,1.884688
1405,701,4.0,False,14,1.8955039999999999
1406,704,3.0,False,14,1.903616
1407,718,14.0,False,14,1.9414719999999999
1408,720,2.0,False,14,1.94688
1409,724,4.0,False,14,1.9576959999999999
1410,736,12.0,False,14,1.990144
1411,734,2.0,False,14,1.9847359999999998
1412,746,12.0,False,14,2.017184
1413,746,0.0,False,14,2.017184
1414,752,6.0,False,14,2.0334079999999997
1415,753,1.0,False,14,2.0361119999999997
1416,758,5.0,False,14,2.049632
1417,769,11.0,False,14,2.079376
1418,769,0.0,False,14,2.079376
1419,772,3.0,False,14,2.087488
1420,780,8.0,False,14,2.10912
1421,781,1.0,False,14,2.111824
1422,791,10.0,False,14,2.138864
1423,800,9.0,False,14,2.1632
1424,809,9.0,False,14,2.1875359999999997
1425,814,5.0,False,14,2.201056
1426,817,3.0,False,14,2.209168
1427,827,10.0,False,14,2.236208
1428,837,10.0,False,14,2.263248
1429,846,9.0,False,14,2.287584
1430,844,2.0,False,14,2.2821759999999998
1431,852,8.0,False,14,2.3038079999999996
1432,859,7.0,False,14,2.322736
1433,856,3.0,False,14,2.314624
1434,847,9.0,False,14,2.290288
1437,460,-387.0,False,15,1.2438399999999998
1439,486,26.0,False,15,1.314144
1440,484,2.0,False,15,1.308736
1441,489,5.0,False,15,1.3222559999999999
1442,491,2.0,False,15,1.327664
1443,497,6.0,False,15,1.343888
1444,497,0.0,False,15,1.343888
1445,503,6.0,False,15,1.360112
1446,504,1.0,False,15,1.3628159999999998
1447,501,3.0,False,15,1.354704
1448,507,6.0,False,15,1.370928
1449,513,6.0,False,15,1.387152
1450,518,5.0,False,15,1.400672
1451,515,3.0,False,15,1.3925599999999998
1452,518,3.0,False,15,1.400672
1453,523,5.0,False,15,1.414192
1454,533,10.0,False,15,1.4412319999999998
1455,537,4.0,False,15,1.452048
1456,535,2.0,False,15,1.44664
1457,541,6.0,False,15,1.462864
1458,541,0.0,False,15,1.462864
1459,544,3.0,False,15,1.4709759999999998
1460,548,4.0,False,15,1.481792
1461,552,4.0,False,15,1.492608
1462,552,0.0,False,15,1.492608
1463,556,4.0,False,15,1.5034239999999999
1464,559,3.0,False,15,1.511536
1465,562,3.0,False,15,1.5196479999999999
1466,566,4.0,False,15,1.5304639999999998
1467,565,1.0,False,15,1.5277599999999998
1468,570,5.0,False,15,1.54128
1469,574,4.0,False,15,1.552096
1470,582,8.0,False,15,1.5737279999999998
1471,580,2.0,False,15,1.56832
1472,587,7.0,False,15,1.587248
1473,591,4.0,False,15,1.598064
1474,597,6.0,False,15,1.614288
1475,598,1.0,False,15,1.616992
1476,603,5.0,False,15,1.630512
1477,613,10.0,False,15,1.657552
1478,616,3.0,False,15,1.6656639999999998
1479,616,0.0,False,15,1.6656639999999998
1480,617,1.0,False,15,1.6683679999999999
1481,620,3.0,False,15,1.67648
1482,628,8.0,False,15,1.6981119999999998
1483,636,8.0,False,15,1.719744
1484,636,0.0,False,15,1.719744
1485,647,11.0,False,15,1.749488
1486,643,4.0,False,15,1.7386719999999998
1487,645,2.0,False,15,1.7440799999999999
1488,649,4.0,False,15,1.7548959999999998
1489,651,2.0,False,15,1.7603039999999999
1490,665,14.0,False,15,1.79816
1491,664,1.0,False,15,1.795456
1492,671,7.0,False,15,1.8143839999999998
1493,674,3.0,False,15,1.822496
1494,679,5.0,False,15,1.8360159999999999
1495,678,1.0,False,15,1.8333119999999998
1496,681,3.0,False,15,1.841424
1497,690,9.0,False,15,1.8657599999999999
1498,690,0.0,False,15,1.8657599999999999
1499,693,3.0,False,15,1.8738719999999998
1500,703,10.0,False,15,1.900912
1501,705,2.0,False,15,1.9063199999999998
1502,708,3.0,False,15,1.914432
1503,709,1.0,False,15,1.917136
1504,713,4.0,False,15,1.9279519999999999
1505,717,4.0,False,15,1.9387679999999998
1506,722,5.0,False,15,1.9522879999999998
1507,719,3.0,False,15,1.944176
1508,733,14.0,False,15,1.9820319999999998
1509,731,2.0,False,15,1.976624
1510,744,13.0,False,15,2.011776
1511,750,6.0,False,15,2.028
1512,751,1.0,False,15,2.030704
1513,759,8.0,False,15,2.052336
1514,763,4.0,False,15,2.0631519999999997
1515,760,3.0,False,15,2.05504
1516,770,10.0,False,15,2.08208
1517,781,11.0,False,15,2.111824
1518,779,2.0,False,15,2.106416
1519,785,6.0,False,15,2.1226399999999996
1520,789,4.0,False,15,2.133456
1521,784,5.0,False,15,2.119936
1522,798,14.0,False,15,2.1577919999999997
1523,805,7.0,False,15,2.17672
1524,473,-332.0,False,16,1.278992
1525,478,5.0,False,16,1.2925119999999999
1526,478,0.0,False,16,1.2925119999999999
1527,485,7.0,False,16,1.31144
1528,488,3.0,False,16,1.3195519999999998
1529,486,2.0,False,16,1.314144
1530,497,11.0,False,16,1.343888
1531,494,3.0,False,16,1.3357759999999999
1532,499,5.0,False,16,1.3492959999999998
1533,493,6.0,False,16,1.3330719999999998
1534,499,6.0,False,16,1.3492959999999998
1535,501,2.0,False,16,1.354704
1536,501,0.0,False,16,1.354704
1537,509,8.0,False,16,1.376336
1538,507,2.0,False,16,1.370928
1539,513,6.0,False,16,1.387152
1540,513,0.0,False,16,1.387152
1541,521,8.0,False,16,1.4087839999999998
1542,522,1.0,False,16,1.4114879999999999
1543,520,2.0,False,16,1.40608
1544,527,7.0,False,16,1.4250079999999998
1545,527,0.0,False,16,1.4250079999999998
1546,531,4.0,False,16,1.435824
1547,538,7.0,False,16,1.4547519999999998
1548,537,1.0,False,16,1.452048
1549,543,6.0,False,16,1.4682719999999998
1550,548,5.0,False,16,1.481792
1551,546,2.0,False,16,1.476384
1552,552,6.0,False,16,1.492608
1553,554,2.0,False,16,1.4980159999999998
1554,561,7.0,False,16,1.5169439999999998
1555,561,0.0,False,16,1.5169439999999998
1556,562,1.0,False,16,1.5196479999999999
1557,564,2.0,False,16,1.525056
1558,571,7.0,False,16,1.5439839999999998
1559,584,13.0,False,16,1.5791359999999999
1560,579,5.0,False,16,1.565616
1561,583,4.0,False,16,1.5764319999999998
1562,582,1.0,False,16,1.5737279999999998
1563,587,5.0,False,16,1.587248
1564,587,0.0,False,16,1.587248
1565,591,4.0,False,16,1.598064
1566,595,4.0,False,16,1.6088799999999999
1567,603,8.0,False,16,1.630512
1568,603,0.0,False,16,1.630512
1569,612,9.0,False,16,1.6548479999999999
1570,619,7.0,False,16,1.673776
1571,613,6.0,False,16,1.657552
1572,619,6.0,False,16,1.673776
1573,624,5.0,False,16,1.687296
1574,632,8.0,False,16,1.7089279999999998
1575,639,7.0,False,16,1.7278559999999998
1576,634,5.0,False,16,1.7143359999999999
1577,640,6.0,False,16,1.7305599999999999
1578,646,6.0,False,16,1.746784
1579,649,3.0,False,16,1.7548959999999998
1580,653,4.0,False,16,1.765712
1581,653,0.0,False,16,1.765712
1582,662,9.0,False,16,1.7900479999999999
1583,668,6.0,False,16,1.8062719999999999
1584,671,3.0,False,16,1.8143839999999998
1585,671,0.0,False,16,1.8143839999999998
1586,672,1.0,False,16,1.8170879999999998
1587,675,3.0,False,16,1.8252
1588,680,5.0,False,16,1.83872
1589,688,8.0,False,16,1.8603519999999998
1590,688,0.0,False,16,1.8603519999999998
1591,692,4.0,False,16,1.871168
1592,696,4.0,False,16,1.8819839999999999
1593,701,5.0,False,16,1.8955039999999999
1594,692,9.0,False,16,1.871168
1595,703,11.0,False,16,1.900912
1596,696,7.0,False,16,1.8819839999999999
1597,711,15.0,False,16,1.9225439999999998
1598,706,5.0,False,16,1.9090239999999998
1599,715,9.0,False,16,1.93336
1600,713,2.0,False,16,1.9279519999999999
1601,723,10.0,False,16,1.9549919999999998
1602,727,4.0,False,16,1.9658079999999998
1603,734,7.0,False,16,1.9847359999999998
1604,743,9.0,False,16,2.0090719999999997
1605,736,7.0,False,16,1.990144
1606,741,5.0,False,16,2.0036639999999997
1607,750,9.0,False,16,2.028
1608,750,0.0,False,16,2.028
1609,758,8.0,False,16,2.049632
1610,766,8.0,False,16,2.0712639999999998
1611,775,9.0,False,16,2.0955999999999997
1612,778,3.0,False,16,2.103712
1613,783,5.0,False,16,2.117232
1614,797,14.0,False,16,2.1550879999999997
1615,802,5.0,False,16,2.168608
1616,797,5.0,False,16,2.1550879999999997
1618,824,27.0,False,16,2.228096
1619,810,14.0,False,16,2.1902399999999997
1620,802,8.0,False,16,2.168608
1621,802,0.0,False,16,2.168608
1622,473,-329.0,False,17,1.278992
1623,476,3.0,False,17,1.2871039999999998
1624,484,8.0,False,17,1.308736
1625,465,19.0,False,17,1.2573599999999998
1626,474,9.0,False,17,1.281696
1627,476,2.0,False,17,1.2871039999999998
1628,477,1.0,False,17,1.2898079999999998
1629,488,11.0,False,17,1.3195519999999998
1630,475,13.0,False,17,1.2844
1631,487,12.0,False,17,1.3168479999999998
1634,511,24.0,False,17,1.3817439999999999
1635,514,3.0,False,17,1.389856
1636,519,5.0,False,17,1.403376
1637,517,2.0,False,17,1.3979679999999999
1638,524,7.0,False,17,1.416896
1639,528,4.0,False,17,1.4277119999999999
1640,529,1.0,False,17,1.430416
1641,532,3.0,False,17,1.4385279999999998
1642,531,1.0,False,17,1.435824
1643,536,5.0,False,17,1.449344
1644,538,2.0,False,17,1.4547519999999998
1645,543,5.0,False,17,1.4682719999999998
1646,548,5.0,False,17,1.481792
1647,546,2.0,False,17,1.476384
1648,547,1.0,False,17,1.479088
1649,557,10.0,False,17,1.506128
1650,559,2.0,False,17,1.511536
1651,566,7.0,False,17,1.5304639999999998
1652,565,1.0,False,17,1.5277599999999998
1653,567,2.0,False,17,1.5331679999999999
1654,572,5.0,False,17,1.5466879999999998
1655,570,2.0,False,17,1.54128
1656,572,2.0,False,17,1.5466879999999998
1657,583,11.0,False,17,1.5764319999999998
1658,588,5.0,False,17,1.5899519999999998
1659,584,4.0,False,17,1.5791359999999999
1660,594,10.0,False,17,1.6061759999999998
1661,597,3.0,False,17,1.614288
1662,599,2.0,False,17,1.6196959999999998
1663,600,1.0,False,17,1.6223999999999998
1664,599,1.0,False,17,1.6196959999999998
1665,612,13.0,False,17,1.6548479999999999
1666,611,1.0,False,17,1.6521439999999998
1667,605,6.0,False,17,1.6359199999999998
1668,614,9.0,False,17,1.660256
1669,622,8.0,False,17,1.6818879999999998
1670,626,4.0,False,17,1.692704
1671,631,5.0,False,17,1.706224
1672,631,0.0,False,17,1.706224
1673,628,3.0,False,17,1.6981119999999998
1674,630,2.0,False,17,1.70352
1676,651,21.0,False,17,1.7603039999999999
1677,649,2.0,False,17,1.7548959999999998
1678,652,3.0,False,17,1.763008
1679,656,4.0,False,17,1.7738239999999998
1680,660,4.0,False,17,1.7846399999999998
1681,669,9.0,False,17,1.808976
1682,672,3.0,False,17,1.8170879999999998
1683,670,2.0,False,17,1.81168
1684,680,10.0,False,17,1.83872
1685,675,5.0,False,17,1.8252
1686,681,6.0,False,17,1.841424
1687,684,3.0,False,17,1.8495359999999998
1688,691,7.0,False,17,1.868464
1689,694,3.0,False,17,1.8765759999999998
1690,697,3.0,False,17,1.884688
1691,703,6.0,False,17,1.900912
1692,707,4.0,False,17,1.9117279999999999
1693,708,1.0,False,17,1.914432
1694,715,7.0,False,17,1.93336
1695,721,6.0,False,17,1.9495839999999998
1696,720,1.0,False,17,1.94688
1697,729,9.0,False,17,1.9712159999999999
1698,728,1.0,False,17,1.9685119999999998
1699,733,5.0,False,17,1.9820319999999998
1700,732,1.0,False,17,1.9793279999999998
1701,746,14.0,False,17,2.017184
1702,755,9.0,False,17,2.04152
1703,754,1.0,False,17,2.0388159999999997
1704,764,10.0,False,17,2.0658559999999997
1705,770,6.0,False,17,2.08208
1706,778,8.0,False,17,2.103712
1707,782,4.0,False,17,2.114528
1708,794,12.0,False,17,2.146976
1709,790,4.0,False,17,2.13616
1710,789,1.0,False,17,2.133456
1711,802,13.0,False,17,2.168608
1712,805,3.0,False,17,2.17672
1713,795,10.0,False,17,2.14968
1714,802,7.0,False,17,2.168608
1715,805,3.0,False,17,2.17672
1717,454,-351.0,False,18,1.2276159999999998
1718,460,6.0,False,18,1.2438399999999998
1719,460,0.0,False,18,1.2438399999999998
1720,460,0.0,False,18,1.2438399999999998
1721,466,6.0,False,18,1.2600639999999999
1722,464,2.0,False,18,1.254656
1723,466,2.0,False,18,1.2600639999999999
1724,470,4.0,False,18,1.27088
1725,474,4.0,False,18,1.281696
1726,469,5.0,False,18,1.268176
1727,476,7.0,False,18,1.2871039999999998
1728,482,6.0,False,18,1.3033279999999998
1729,480,2.0,False,18,1.29792
1730,488,8.0,False,18,1.3195519999999998
1731,487,1.0,False,18,1.3168479999999998
1732,492,5.0,False,18,1.330368
1733,493,1.0,False,18,1.3330719999999998
1734,501,8.0,False,18,1.354704
1735,506,5.0,False,18,1.3682239999999999
1736,502,4.0,False,18,1.357408
1737,505,3.0,False,18,1.3655199999999998
1738,511,6.0,False,18,1.3817439999999999
1739,514,3.0,False,18,1.389856
1740,517,3.0,False,18,1.3979679999999999
1741,521,4.0,False,18,1.4087839999999998
1742,525,4.0,False,18,1.4196
1743,527,2.0,False,18,1.4250079999999998
1744,526,1.0,False,18,1.4223039999999998
1745,531,5.0,False,18,1.435824
1746,541,10.0,False,18,1.462864
1747,532,9.0,False,18,1.4385279999999998
1748,542,10.0,False,18,1.465568
1749,542,0.0,False,18,1.465568
1750,544,2.0,False,18,1.4709759999999998
1751,552,8.0,False,18,1.492608
1752,553,1.0,False,18,1.495312
1753,550,3.0,False,18,1.4871999999999999
1754,561,11.0,False,18,1.5169439999999998
1755,561,0.0,False,18,1.5169439999999998
1756,564,3.0,False,18,1.525056
1757,569,5.0,False,18,1.538576
1758,577,8.0,False,18,1.5602079999999998
1759,575,2.0,False,18,1.5548
1760,584,9.0,False,18,1.5791359999999999
1761,589,5.0,False,18,1.5926559999999998
1762,589,0.0,False,18,1.5926559999999998
1763,593,4.0,False,18,1.6034719999999998
1764,596,3.0,False,18,1.611584
1765,600,4.0,False,18,1.6223999999999998
1766,598,2.0,False,18,1.616992
1767,605,7.0,False,18,1.6359199999999998
1768,607,2.0,False,18,1.641328
1769,615,8.0,False,18,1.6629599999999998
1770,610,5.0,False,18,1.6494399999999998
1771,612,2.0,False,18,1.6548479999999999
1772,617,5.0,False,18,1.6683679999999999
1773,623,6.0,False,18,1.6845919999999999
1774,628,5.0,False,18,1.6981119999999998
1775,634,6.0,False,18,1.7143359999999999
1776,633,1.0,False,18,1.7116319999999998
1777,639,6.0,False,18,1.7278559999999998
1778,643,4.0,False,18,1.7386719999999998
1779,647,4.0,False,18,1.749488
1780,651,4.0,False,18,1.7603039999999999
1781,646,5.0,False,18,1.746784
1782,659,13.0,False,18,1.781936
1783,662,3.0,False,18,1.7900479999999999
1784,665,3.0,False,18,1.79816
1785,675,10.0,False,18,1.8252
1786,676,1.0,False,18,1.827904
1787,676,0.0,False,18,1.827904
1788,676,0.0,False,18,1.827904
1789,683,7.0,False,18,1.8468319999999998
1790,687,4.0,False,18,1.857648
1791,697,10.0,False,18,1.884688
1792,701,4.0,False,18,1.8955039999999999
1793,707,6.0,False,18,1.9117279999999999
1794,713,6.0,False,18,1.9279519999999999
1795,722,9.0,False,18,1.9522879999999998
1796,721,1.0,False,18,1.9495839999999998
1797,735,14.0,False,18,1.9874399999999999
1798,730,5.0,False,18,1.97392
1799,734,4.0,False,18,1.9847359999999998
1800,750,16.0,False,18,2.028
1801,752,2.0,False,18,2.0334079999999997
1802,753,1.0,False,18,2.0361119999999997
1803,764,11.0,False,18,2.0658559999999997
1804,761,3.0,False,18,2.057744
1805,773,12.0,False,18,2.090192
1806,774,1.0,False,18,2.0928959999999996
1807,776,2.0,False,18,2.0983039999999997
1808,780,4.0,False,18,2.10912
1809,780,0.0,False,18,2.10912
1810,790,10.0,False,18,2.13616
1811,783,7.0,False,18,2.117232
1812,792,9.0,False,18,2.141568
1813,805,13.0,False,18,2.17672
1814,810,5.0,False,18,2.1902399999999997
1815,814,4.0,False,18,2.201056
1816,803,11.0,False,18,2.171312
1817,805,2.0,False,18,2.17672
1818,791,14.0,False,18,2.138864
1819,464,-327.0,False,19,1.254656
1820,472,8.0,False,19,1.2762879999999999
1821,470,2.0,False,19,1.27088
1822,476,6.0,False,19,1.2871039999999998
1823,464,12.0,False,19,1.254656
1825,480,16.0,False,19,1.29792
1826,482,2.0,False,19,1.3033279999999998
1827,482,0.0,False,19,1.3033279999999998
1828,490,8.0,False,19,1.32496
1829,488,2.0,False,19,1.3195519999999998
1830,485,3.0,False,19,1.31144
1832,508,23.0,False,19,1.373632
1833,504,4.0,False,19,1.3628159999999998
1834,505,1.0,False,19,1.3655199999999998
1835,509,4.0,False,19,1.376336
1836,511,2.0,False,19,1.3817439999999999
1837,517,6.0,False,19,1.3979679999999999
1838,517,0.0,False,19,1.3979679999999999
1839,521,4.0,False,19,1.4087839999999998
1840,526,5.0,False,19,1.4223039999999998
1841,531,5.0,False,19,1.435824
1842,537,6.0,False,19,1.452048
1843,531,6.0,False,19,1.435824
1844,538,7.0,False,19,1.4547519999999998
1845,543,5.0,False,19,1.4682719999999998
1846,545,2.0,False,19,1.4736799999999999
1847,543,2.0,False,19,1.4682719999999998
1848,554,11.0,False,19,1.4980159999999998
1849,553,1.0,False,19,1.495312
1850,556,3.0,False,19,1.5034239999999999
1851,557,1.0,False,19,1.506128
1852,561,4.0,False,19,1.5169439999999998
1853,564,3.0,False,19,1.525056
1854,572,8.0,False,19,1.5466879999999998
1855,573,1.0,False,19,1.5493919999999999
1856,574,1.0,False,19,1.552096
1857,579,5.0,False,19,1.565616
1858,581,2.0,False,19,1.571024
1859,587,6.0,False,19,1.587248
1860,591,4.0,False,19,1.598064
1861,592,1.0,False,19,1.600768
1862,597,5.0,False,19,1.614288
1863,603,6.0,False,19,1.630512
1864,599,4.0,False,19,1.6196959999999998
1865,609,10.0,False,19,1.646736
1866,611,2.0,False,19,1.6521439999999998
1867,623,12.0,False,19,1.6845919999999999
1868,622,1.0,False,19,1.6818879999999998
1869,628,6.0,False,19,1.6981119999999998
1870,631,3.0,False,19,1.706224
1871,628,3.0,False,19,1.6981119999999998
1872,632,4.0,False,19,1.7089279999999998
1873,632,0.0,False,19,1.7089279999999998
1874,633,1.0,False,19,1.7116319999999998
1875,640,7.0,False,19,1.7305599999999999
1876,648,8.0,False,19,1.752192
1877,651,3.0,False,19,1.7603039999999999
1878,650,1.0,False,19,1.7575999999999998
1879,651,1.0,False,19,1.7603039999999999
1880,659,8.0,False,19,1.781936
1881,666,7.0,False,19,1.8008639999999998
1882,670,4.0,False,19,1.81168
1883,665,5.0,False,19,1.79816
1884,675,10.0,False,19,1.8252
1885,676,1.0,False,19,1.827904
1886,686,10.0,False,19,1.854944
1887,683,3.0,False,19,1.8468319999999998
1888,689,6.0,False,19,1.8630559999999998
1889,698,9.0,False,19,1.887392
1890,709,11.0,False,19,1.917136
1891,711,2.0,False,19,1.9225439999999998
1892,715,4.0,False,19,1.93336
1893,711,4.0,False,19,1.9225439999999998
1894,721,10.0,False,19,1.9495839999999998
1895,727,6.0,False,19,1.9658079999999998
1896,734,7.0,False,19,1.9847359999999998
